{
  "metadata": {
    "generated_at": "2026-05-05T16:52:02.867557+00:00",
    "dispatch": "DEC-061 Step 4 V2",
    "spec_citations": [
      "S12.3:3249-3278",
      "S12.4:3279-3302",
      "S12.5:3303-3328",
      "S12.6:3330-3346",
      "S12.7:3348-3373",
      "S12.8:3375-3406",
      "S12.9:3408-3442",
      "S12.10:3444-3471",
      "S12.11:3473-3487"
    ],
    "seeds": {
      "cv": 42,
      "augmentation": 45,
      "ood_heldout": 46
    },
    "p_degrade": 0.2,
    "p_degrade_blocks": {
      "v3": 0.07,
      "lora": 0.07,
      "psv": 0.06
    },
    "n_splits": 3,
    "cv_method": "StratifiedKFold(n_splits=3, shuffle=True, random_state=42)",
    "ood_repartition": {
      "ood_heldout": 14,
      "ood_oof": 42,
      "oof_pool_size": 202,
      "final_stage1_train_size": 216
    }
  },
  "per_fold": [
    {
      "fold": 0,
      "n_train": 134,
      "n_held": 68,
      "stage1_macro_f1": 0.793259,
      "stage2_macro_f1": 0.818056,
      "macro_f1_7class": 0.656635,
      "ece": 0.089935
    },
    {
      "fold": 1,
      "n_train": 135,
      "n_held": 67,
      "stage1_macro_f1": 0.762191,
      "stage2_macro_f1": 0.974089,
      "macro_f1_7class": 0.734052,
      "ece": 0.10267
    },
    {
      "fold": 2,
      "n_train": 135,
      "n_held": 67,
      "stage1_macro_f1": 0.833333,
      "stage2_macro_f1": 0.878421,
      "macro_f1_7class": 0.832406,
      "ece": 0.040842
    }
  ],
  "oof_aggregate": {
    "macro_f1_stage1": 0.812568,
    "macro_f1_stage2": 0.595192,
    "macro_f1_7class": 0.759336,
    "macro_f1_7class_post_platt": 0.761023,
    "per_class_f1": {
      "foliar": 0.711864,
      "septoria": 0.8,
      "late_blight": 0.896552,
      "ylcv": 0.5,
      "mosaic": 0.769231,
      "healthy": 0.979167,
      "OOD": 0.658537
    },
    "ece_pre_platt": 0.053555,
    "ece_post_platt": 0.060107,
    "n": 202
  },
  "final_model": {
    "stage1": {
      "n_train": 216,
      "weights_l2_norm": 3.347805,
      "weight_variance_per_feature": [
        0.044009263379862995,
        0.05291834512625022,
        0.016501070506860057,
        0.3518516196948627,
        0.23662617709030884,
        0.9530109982583371,
        0.2619887543455702,
        0.05570106665596502,
        0.04021154320288637,
        0.015225706382635188,
        0.04771859316168634,
        0.3287450336365822,
        0.4332426720035459,
        0.18425565509205158,
        0.016265605110582,
        0.07500339755289417,
        0.0909594512417008,
        0.04365314423881492,
        0.4880453363245607
      ]
    },
    "stage2": {
      "n_train": 66,
      "weights_l2_norm": 3.049311
    },
    "held_out_57_metrics": {
      "macro_f1_7class": 0.867113,
      "per_class_f1": {
        "foliar": 0.875,
        "septoria": 0.75,
        "late_blight": 0.75,
        "ylcv": 1.0,
        "mosaic": 1.0,
        "healthy": 0.93617,
        "OOD": 0.758621
      },
      "ood_f1": 0.758621,
      "ece": 0.150572
    }
  },
  "platt_fit": {
    "alpha": [
      0.6715526188305425,
      0.8343620742308646,
      0.8509218780229557,
      1.2513030347213312,
      0.9625047067626676,
      3.358042434621872,
      0.6044255234479042
    ],
    "beta": [
      0.08372554069233643,
      -0.08248534947529254,
      -0.04222439779741963,
      -0.1123507471575532,
      -0.2093764119875034,
      -7.065135226161118,
      -0.4694887953683426
    ],
    "n": 202,
    "method": "platt_v1",
    "computed_at": "2026-05-05T16:52:02.701900+00:00",
    "identity_fallback_classes": [],
    "soft_trigger_classes": []
  },
  "mlp_decision": {
    "ran": true,
    "logistic_macro_f1": 0.759336,
    "mlp_macro_f1": 0.774955,
    "logistic_ece": 0.060107,
    "mlp_ece": 0.15804,
    "rule_met": false,
    "selected_variant": "logistic",
    "rationale": "Logistic selected (default). MLP improvement=0.0156 (threshold 0.02) or ECE=0.1580 (limit 0.1). Rule not met per spec S12.6 line 3342."
  },
  "verification": {
    "stage1_weight_variance_per_feature": [
      0.044009263379862995,
      0.05291834512625022,
      0.016501070506860057,
      0.3518516196948627,
      0.23662617709030884,
      0.9530109982583371,
      0.2619887543455702,
      0.05570106665596502,
      0.04021154320288637,
      0.015225706382635188,
      0.04771859316168634,
      0.3287450336365822,
      0.4332426720035459,
      0.18425565509205158,
      0.016265605110582,
      0.07500339755289417,
      0.0909594512417008,
      0.04365314423881492,
      0.4880453363245607
    ],
    "stage2_weight_variance_per_feature": [
      0.10050217315049906,
      0.14590578764024437,
      0.18265704024126703,
      0.1379568246467064,
      0.24457453059284076,
      0.06155436564500272,
      0.09925571042230531,
      0.05094191793139373,
      0.054644331168599056,
      0.15681790743806298,
      0.18509159331823952,
      0.028258637697657973,
      0.01847566723841344,
      0.10246970535025961,
      0.17088465352480492,
      0.03835752586497988,
      0.025593181906391028,
      0.029969523052560836,
      0.025747840488821082
    ],
    "stage1_weight_l2_norm": 3.347805,
    "stage2_weight_l2_norm": 3.049311,
    "stage2_classes_with_variance_gt0": 5,
    "s2_n_zero_class_variance": 0,
    "platt_alpha_in_range": true,
    "any_runaway_beta": false
  }
}