{
  "feature_mean": [
    0.12493374943733215,
    0.07703635096549988,
    0.09720756113529205,
    0.035393126308918,
    0.06864146143198013,
    0.45576879382133484,
    0.2548169493675232,
    0.07371871918439865,
    0.09336069971323013,
    0.014283647760748863,
    0.07106693834066391,
    0.4927521049976349,
    0.599043607711792,
    0.2643870413303375,
    0.09722212702035904,
    0.15277762711048126,
    0.106333889067173,
    0.25489363074302673,
    0.14101800322532654
  ],
  "feature_std": [
    0.2505030333995819,
    0.18127505481243134,
    0.21711210906505585,
    0.1081712543964386,
    0.16810597479343414,
    0.4200393557548523,
    0.38454434275627136,
    0.2133564054965973,
    0.27735400199890137,
    0.10393339395523071,
    0.2247626930475235,
    0.48426520824432373,
    0.13613374531269073,
    0.11685778945684433,
    0.2962598502635956,
    0.35977283120155334,
    0.1434236317873001,
    0.06472185999155045,
    0.17242129147052765
  ],
  "n_features": 19,
  "n_train_samples": 216,
  "computed_at": "2026-05-06T07:39:17.951521+00:00"
}