{
  "metadata": {
    "generated_at": "2026-05-06T07:39:17.953248+00:00",
    "dispatch": "DEC-061 Step 4 V3",
    "v3_delta": "P_DEGRADE increased from 0.20 to 0.35 per S12.7:3373",
    "spec_citations": [
      "S12.3:3249-3278",
      "S12.4:3279-3302",
      "S12.5:3303-3328",
      "S12.6:3330-3346",
      "S12.7:3348-3373",
      "S12.8:3375-3406",
      "S12.9:3408-3442",
      "S12.10:3444-3471",
      "S12.11:3473-3487"
    ],
    "seeds": {
      "cv": 42,
      "augmentation": 45,
      "ood_heldout": 46
    },
    "p_degrade": 0.35,
    "p_degrade_blocks": {
      "no_degrade": 0.65,
      "v3": 0.12,
      "lora": 0.12,
      "psv": 0.11
    },
    "n_splits": 3,
    "cv_method": "StratifiedKFold(n_splits=3, shuffle=True, random_state=42)",
    "ood_repartition": {
      "ood_heldout": 14,
      "ood_oof": 42,
      "oof_pool_size": 202,
      "final_stage1_train_size": 216
    }
  },
  "per_fold": [
    {
      "fold": 0,
      "n_train": 134,
      "n_held": 68,
      "stage1_macro_f1": 0.78907,
      "stage2_macro_f1": 0.818056,
      "macro_f1_7class": 0.77313,
      "ece": 0.113609
    },
    {
      "fold": 1,
      "n_train": 135,
      "n_held": 67,
      "stage1_macro_f1": 0.806838,
      "stage2_macro_f1": 0.895726,
      "macro_f1_7class": 0.731056,
      "ece": 0.054323
    },
    {
      "fold": 2,
      "n_train": 135,
      "n_held": 67,
      "stage1_macro_f1": 0.825455,
      "stage2_macro_f1": 0.911429,
      "macro_f1_7class": 0.819607,
      "ece": 0.064036
    }
  ],
  "oof_aggregate": {
    "macro_f1_stage1": 0.819066,
    "macro_f1_stage2": 0.593096,
    "macro_f1_7class": 0.780576,
    "macro_f1_7class_post_platt": 0.787121,
    "per_class_f1": {
      "foliar": 0.677419,
      "septoria": 0.8,
      "late_blight": 0.896552,
      "ylcv": 0.666667,
      "mosaic": 0.769231,
      "healthy": 0.979167,
      "OOD": 0.675
    },
    "ece_pre_platt": 0.050231,
    "ece_post_platt": 0.051859,
    "n": 202
  },
  "final_model": {
    "stage1": {
      "n_train": 216,
      "weights_l2_norm": 4.058687,
      "weight_variance_per_feature": [
        0.05969465416785422,
        0.024751165561891542,
        0.014248032878167413,
        0.4026965385971984,
        0.45104867858693587,
        0.9512839538536255,
        0.27264365004700414,
        0.011804492018650274,
        0.03297323594072809,
        0.006011618918164661,
        0.026000352474690208,
        0.5224722749288688,
        1.2485532420177767,
        0.4085333403507077,
        0.04576985728892555,
        0.2585589300103342,
        0.040452366993421966,
        0.1376234967196435,
        0.5758595488700213
      ]
    },
    "stage2": {
      "n_train": 66,
      "weights_l2_norm": 3.145278
    },
    "held_out_57_metrics": {
      "macro_f1_7class": 0.936743,
      "per_class_f1": {
        "foliar": 0.875,
        "septoria": 0.888889,
        "late_blight": 1.0,
        "ylcv": 1.0,
        "mosaic": 1.0,
        "healthy": 0.93617,
        "OOD": 0.857143
      },
      "ood_f1": 0.857143,
      "ece": 0.150105
    }
  },
  "platt_fit": {
    "alpha": [
      0.6543961421122346,
      0.8690811296163589,
      0.880380006433322,
      2.11683024325807,
      0.9677978807619085,
      3.372521164684987,
      0.6280640005970167
    ],
    "beta": [
      0.03106594693197368,
      0.09600239483851569,
      -0.0038053047467237464,
      3.726693827126577,
      -0.26605836230184565,
      -7.634335376551015,
      -0.4238379654167083
    ],
    "n": 202,
    "method": "platt_v1",
    "computed_at": "2026-05-06T07:39:17.753596+00:00",
    "identity_fallback_classes": [],
    "soft_trigger_classes": []
  },
  "mlp_decision": {
    "ran": true,
    "logistic_macro_f1": 0.780576,
    "mlp_macro_f1": 0.679154,
    "logistic_ece": 0.051859,
    "mlp_ece": 0.183154,
    "rule_met": false,
    "selected_variant": "logistic",
    "rationale": "Logistic selected (default). MLP improvement=-0.1014 (threshold 0.02) or ECE=0.1832 (limit 0.1). Rule not met per spec S12.6 line 3342."
  },
  "verification": {
    "stage1_weight_variance_per_feature": [
      0.05969465416785422,
      0.024751165561891542,
      0.014248032878167413,
      0.4026965385971984,
      0.45104867858693587,
      0.9512839538536255,
      0.27264365004700414,
      0.011804492018650274,
      0.03297323594072809,
      0.006011618918164661,
      0.026000352474690208,
      0.5224722749288688,
      1.2485532420177767,
      0.4085333403507077,
      0.04576985728892555,
      0.2585589300103342,
      0.040452366993421966,
      0.1376234967196435,
      0.5758595488700213
    ],
    "stage2_weight_variance_per_feature": [
      0.08500964718943402,
      0.1824323378817196,
      0.23229385618479098,
      0.3602154371231522,
      0.04777024905075463,
      0.08663833585671898,
      0.1531139555232422,
      0.04737277219722079,
      0.08845723952701878,
      0.02182296900122536,
      0.28822226919524246,
      0.030182585859529053,
      0.01484662763124362,
      0.12235768209894553,
      0.13372696123063008,
      0.021562026532918343,
      0.019489237375203524,
      0.01815602461990176,
      0.024884504010131467
    ],
    "stage1_weight_l2_norm": 4.058687,
    "stage2_weight_l2_norm": 3.145278,
    "stage2_classes_with_variance_gt0": 5,
    "s2_n_zero_class_variance": 0,
    "platt_alpha_in_range": true,
    "any_runaway_beta": false
  },
  "degraded_mode_verification": {
    "spec_citation": "S12.7:3368-3373",
    "thresholds": {
      "v3_off": 0.55,
      "lora_off": 0.55,
      "psv_off": 0.65
    },
    "blk_017_adjudication": "lora_off and psv_off threshold misses are pre-adjudicated per DEC-061 sub-decision / BLK-017 (data-imposed plateau; production mitigation: signal failures fire Rule 1 \u2192 Tier 4B \u2192 retake-prompt). pass: false is recorded verbatim; bypassed_per_blk_017: true indicates the miss was pre-adjudicated.",
    "results": {
      "all_on": {
        "macro_f1": 0.97192,
        "threshold": null,
        "pass": null
      },
      "v3_off": {
        "macro_f1": 0.68254,
        "threshold": 0.55,
        "pass": true
      },
      "lora_off": {
        "macro_f1": 0.527619,
        "threshold": 0.55,
        "pass": false,
        "bypassed_per_blk_017": true
      },
      "psv_off": {
        "macro_f1": 0.535611,
        "threshold": 0.65,
        "pass": false,
        "bypassed_per_blk_017": true
      }
    },
    "all_pass": false,
    "all_pass_or_bypassed_blk017": true
  }
}